id,name,home_runs_2016,,
10474,J.D. Martinez,48,,
10275,Mark Trumbo,47,,
10879,Nelson Cruz,43,,
11187,Khris Davis,42,,
11135,Brian Dozier,42,,
11029,Edwin Encarnacion,42,,
10408,Nolan Arenado,41,,
10640,Chris Carter,41,,
10440,Todd Frazier,40,,
10326,Kris Bryant,39,,
10872,Robinson Cano,39,,
10468,Miguel Cabrera,38,,
10265,Chris Davis,38,,
10306,David Ortiz,38,,
11022,Josh Donaldson,37,,
10268,Manny Machado,37,,
10966,Evan Longoria,36,,
10242,Matt Kemp,35,,
10237,Freddie Freeman,34,,
11395,Mike Napoli,34,,
11107,Carlos Santana,34,,
10700,Jay Bruce,33,,
10355,Adam Duvall,33,,
11144,Rougned Odor,33,,
11143,Adrian Beltre,32,,
10494,Evan Gattis,32,,
10327,Anthony Rizzo,32,,
10476,Justin Upton,32,,
10303,Mookie Betts,31,,
11197,Yoenis Cespedes,31,,
10562,Albert Pujols,31,,
10643,Ryan Braun,30,,
10702,Curtis Granderson,30,,
11229,Jedd Gyorko,30,,
10967,Brad Miller,30,,
11315,Kendrys Morales,30,,
10301,Hanley Ramirez,30,,
10874,Kyle Seager,30,,
10213,Yasmany Tomas,30,,
11393,Carlos Beltran,29,,
10411,Charlie Blackmon,29,,
10272,Adam Jones,29,,
10506,George Springer,29,,
10561,Mike Trout,29,,
10354,Joey Votto,29,,
10471,Ian Kinsler,28,,
10205,Jake Lamb,28,,
11294,Brandon Moss,28,,
10843,Wil Myers,28,,
11256,Yasmani Grandal,27,,
10759,Marcus Semien,27,,
10616,Giancarlo Stanton,27,,
10410,Trevor Story,27,,
11258,Justin Turner,27,,
11065,Jackie Bradley Jr.,26,,
10586,Corey Seager,26,,
10437,Jose Abreu,25,,
10786,Maikel Franco,25,,
10414,Carlos Gonzalez,25,,
10528,Eric Hosmer,25,,
11340,Ryan Howard,25,,
11048,Daniel Murphy,25,,
10590,Joc Pederson,25,,
10675,Miguel Sano,25,,
10270,Jonathan Schoop,25,,
10495,Jose Altuve,24,,
10973,Corey Dickerson,24,,
11191,Danny Espinosa,24,,
10202,Paul Goldschmidt,24,,
10939,Randal Grichuk,24,,
11053,Bryce Harper,24,,
10995,Jonathan Lucroy,24,,
11239,Andrew McCutchen,24,,
11300,Michael Saunders,24,,
11024,Troy Tulowitzki,24,,
11193,Asdrubal Cabrera,23,,
11102,Jason Kipnis,23,,
10615,Marcell Ozuna,23,,
11196,Neil Walker,23,,
11333,Pedro Alvarez,22,,
11025,Jose Bautista,22,,
11000,Ian Desmond,22,,
11339,Mitch Moreland,22,,
10524,Salvador Perez,22,,
10942,Stephen Piscotty,22,,
10819,Gregory Polanco,22,,
11359,Wilson Ramos,22,,
10297,Xander Bogaerts,21,,
10933,Matt Carpenter,21,,
10729,Starlin Castro,21,,
10787,Tommy Joseph,21,,
10813,Jung Ho Kang,21,,
10328,Addison Russell,21,,
11251,Eugenio Suarez,21,,
11058,Jayson Werth,21,,
10617,Christian Yelich,21,,
10497,Carlos Correa,20,,
10965,Logan Forsythe,20,,
11207,Freddy Galvis,20,,
10730,Didi Gregorius,20,,
11293,Matt Holliday,20,,
11335,Adam Lind,20,,
11074,Russell Martin,20,,
11002,Nomar Mazara,20,,
10724,Brian McCann,20,,
11049,Anthony Rendon,20,,
10726,Gary Sanchez,20,,
10845,Ryan Schimpf,20,,
11275,Jean Segura,20,,
11028,Melvin Upton Jr.,20,,
11244,Jonathan Villar,19,,
11176,Kole Calhoun,18,,
10584,Adrian Gonzalez,18,,
11299,Sean Rodriguez,18,,
11223,Ben Zobrist,18,,
10901,Brandon Belt,17,,
10469,Nick Castellanos,17,,
10934,Aledmys Diaz,17,,
10533,Alex Gordon,17,,
10671,Max Kepler,17,,
10972,Steven Souza Jr.,17,,
10760,Danny Valencia,17,,
11332,Matt Wieters,17,,
10932,Matt Adams,16,,
10351,Zack Cozart,16,,
10557,C.J. Cron,16,,
10207,Brandon Drury,16,,
10696,Wilmer Flores,16,,
10904,Eduardo Nunez,16,,
10785,Cameron Rupp,16,,
10302,Travis Shaw,16,,
10878,Seth Smith,16,,
10610,Justin Bour,15,,
11209,Odubel Herrera,15,,
11103,Francisco Lindor,15,,
10559,Jefry Marte,15,,
10876,Leonys Martin,15,,
10300,Dustin Pedroia,15,,
11390,Colby Rasmus,15,,
11281,Yangervis Solarte,15,,
11392,Mark Teixeira,15,,
11051,Ryan Zimmerman,15,,
10325,Javier Baez,14,,
11130,Melky Cabrera,14,,
11272,Welington Castillo,14,,
10238,Adonis Garcia,14,,
11334,Franklin Gutierrez,14,,
11089,Chase Headley,14,,
11337,Dae-Ho Lee,14,,
11304,Logan Morrison,14,,
10387,Tyler Naquin,14,,
10840,Derek Norris,14,,
10900,Buster Posey,14,,
11285,Mark Reynolds,14,,
11077,Justin Smoak,14,,
11360,Chase Utley,14,,
10752,Stephen Vogt,14,,
10444,Adam Eaton,13,,
10810,David Freese,13,,
10445,Avisail Garcia,13,,
11243,Scooter Gennett,13,,
11391,Carlos Gomez,13,,
11163,Marwin Gonzalez,13,,
10755,Ryon Healy,13,,
11297,Matt Joyce,13,,
10243,Nick Markakis,13,,
11370,Steve Pearce,13,,
10909,Hunter Pence,13,,
10641,Hernan Perez,13,,
10591,Yasiel Puig,13,,
11365,Adam Rosales,13,,
10592,Trayce Thompson,13,,
11057,Trea Turner,13,,
11389,Luis Valbuena,13,,
10701,Michael Conforto,12,,
10324,Willson Contreras,12,,
10902,Brandon Crawford,12,,
11382,Coco Crisp,12,,
10525,Cheslor Cuthbert,12,,
11398,Rajai Davis,12,,
11224,Dexter Fowler,12,,
11276,Jeremy Hazelbaker,12,,
10970,Kevin Kiermaier,12,,
10441,Brett Lawrie,12,,
10467,James McCann,12,,
10645,Kirk Nieuwenhuis,12,,
11319,Angel Pagan,12,,
10674,Byung Ho Park,12,,
10669,Trevor Plouffe,12,,
10332,Jorge Soler,12,,
10871,Mike Zunino,12,,
11388,Jason Castro,11,,
11139,Robbie Grossman,11,,
10409,DJ LeMahieu,11,,
10668,Joe Mauer,11,,
10814,Jordy Mercer,11,,
10352,Brandon Phillips,11,,
11105,Jose Ramirez,11,,
10609,J.T. Realmuto,11,,
11438,Jarrod Saltalamacchia,11,,
10647,Domingo Santana,11,,
10910,Denard Span,11,,
11023,Devon Travis,11,,
10670,Byron Buxton,10,,
10850,Alex Dickerson,10,,
11323,Aaron Hill,10,,
11287,Nick Hundley,10,,
11354,Kelly Johnson,10,,
10905,Joe Panik,10,,
11387,Josh Reddick,10,,
10672,Eddie Rosario,10,,
11422,David Ross,10,,
11632,Kennys Vargas,10,,
10438,Tim Anderson,9,,
10644,Keon Broxton,9,,
10532,Lorenzo Cain,9,,
10994,Robinson Chirinos,9,,
10733,Jacoby Ellsbury,9,,
10380,Yan Gomes,9,,
10386,Brandon Guyer,9,,
10267,J.J. Hardy,9,,
11054,Chris Heisey,9,,
11582,James Loney,9,,
10818,Starling Marte,9,,
10941,Tommy Pham,9,,
11284,Ryan Raburn,9,,
11394,Alex Rodriguez,9,,
10357,Scott Schebler,9,,
11277,Rickie Weeks Jr.,9,,
10305,Chris Young,9,,
10997,Elvis Andrus,8,,
10848,Oswaldo Arcia,8,,
10553,Jett Bandy,8,,
10496,Alex Bregman,8,,
10958,Curt Casali,8,,
10385,Lonnie Chisenhall,8,,
11562,Daniel Descalso,8,,
11350,Stephen Drew,8,,
11148,Prince Fielder,8,,
10234,Tyler Flowers,8,,
11092,Aaron Hicks,8,,
10812,John Jaso,8,,
11210,Howie Kendrick,8,,
10636,Martin Maldonado,8,,
11227,Yadier Molina,8,,
11218,Miguel Montero,8,,
10936,Jhonny Peralta,8,,
10613,Martin Prado,8,,
11195,Jose Reyes,8,,
11003,Ryan Rua,8,,
10442,Tyler Saladino,8,,
11329,Kurt Suzuki,8,,
11164,Tyler White,8,,
10753,Yonder Alonso,7,,
11427,Alex Avila,7,,
11247,Tucker Barnhart,7,,
11146,Shin-Soo Choo,7,,
10413,David Dahl,7,,
10611,Derek Dietrich,7,,
10695,Lucas Duda,7,,
10527,Alcides Escobar,7,,
11353,Jeff Francoeur,7,,
11091,Brett Gardner,7,,
11259,Enrique Hernandez,7,,
10330,Jason Heyward,7,,
11066,Brock Holt,7,,
11336,Chris Iannetta,7,,
11302,Desmond Jennings,7,,
11061,Sandy Leon,7,,
10530,Mike Moustakas,7,,
11269,Gerardo Parra,7,,
10239,Jace Peterson,7,,
11027,Kevin Pillar,7,,
11188,Jake Smolinski,7,,
11056,Michael Taylor,7,,
11396,Juan Uribe,7,,
10961,Bobby Wilson,7,,
10699,David Wright,7,,
10838,Christian Bethancourt,6,,
11078,Ezequiel Carrera,6,,
11386,Chris Coghlan,6,,
11311,Alejandro De Aza,6,,
10762,Brett Eibner,6,,
11136,Eduardo Escobar,6,,
11098,Nick Franklin,6,,
11376,Johnny Giavotella,6,,
10903,Conor Gillaspie,6,,
11208,Cesar Hernandez,6,,
10200,Chris Herrmann,6,,
11644,Justin Morneau,6,,
11380,Dioner Navarro,6,,
11366,Alexei Ramirez,6,,
11071,Nolan Reimold,6,,
11535,Rene Rivera,6,,
10273,Hyun Soo Kim,6,,
10847,Brett Wallace,6,,
10911,Mac Williamson,6,,
10727,Tyler Austin,5,,
11358,Gordon Beckham,5,,
10962,Tim Beckham,5,,
11342,Peter Bourjos,5,,
11567,Michael Bourn,5,,
10899,Trevor Brown,5,,
11385,Billy Butler,5,,
11397,Marlon Byrd,5,,
10556,Ji-Man Choi,5,,
10964,Matt Duffy,5,,
10558,Yunel Escobar,5,,
10209,Mitch Haniger,5,,
11411,Chris Johnson,5,,
10505,Jake Marisnick,5,,
10475,Steven Moya,5,,
10407,Tom Murphy,5,,
10210,Peter O'Brien,5,,
10535,Paulo Orlando,5,,
11274,Chris Owings,5,,
11569,Jimmy Paredes,5,,
10908,Jarrett Parker,5,,
10555,Carlos Perez,5,,
11145,Jurickson Profar,5,,
10274,Joey Rickard,5,,
11050,Clint Robinson,5,,
10333,Matt Szczur,5,,
10937,Kolten Wong,5,,
10201,Nick Ahmed,4,,
10788,Aaron Altherr,4,,
11165,Norichika Aoki,4,,
10639,Orlando Arcia,4,,
10789,Cody Asche,4,,
11075,Darwin Barney,4,,
11458,Andres Blanco,4,,
10206,Socrates Brito,4,,
11493,Drew Butera,4,,
10692,Travis d'Arnaud,4,,
10999,Delino DeShields,4,,
10379,Chris Gimenez,4,,
10790,Tyler Goeddel,4,,
10811,Josh Harrison,4,,
10503,Teoscar Hernandez,4,,
11110,Jose Iglesias,4,,
10734,Aaron Judge,4,,
11177,Cameron Maybin,4,,
10211,David Peralta,4,,
11137,Jorge Polanco,4,,
10853,Hunter Renfroe,4,,
10725,Austin Romine,4,,
11129,Carlos Sanchez,4,,
11280,Luis Sardinas,4,,
11457,J.B. Shuck,4,,
10560,Andrelton Simmons,4,,
11585,Brandon Snyder,4,,
11424,Geovany Soto,4,,
10507,Preston Tucker,4,,
10329,Albert Almora Jr.,3,,
11355,Erick Aybar,3,,
11234,Josh Bell,3,,
10849,Jabari Blash,3,,
10883,Madison Bumgarner,3,,
11248,Ramon Cabrera,3,,
10754,Mark Canha,3,,
10667,Juan Centeno,3,,
11112,Tyler Collins,3,,
11303,Hank Conger,3,,
10266,Ryan Flaherty,3,,
10935,Greg Garcia,3,,
11076,Ryan Goins,3,,
11273,Tuffy Gosewisch,3,,
10498,Yulieski Gurriel,3,,
11252,Billy Hamilton,3,,
10612,Adeiny Hechavarria,3,,
11215,Ender Inciarte,3,,
10703,Juan Lagares,3,,
11189,Jose Lobaton,3,,
10971,Mikie Mahtook,3,,
10959,Luke Maile,3,,
10269,Trey Mancini,3,,
11174,Cliff Pennington,3,,
10356,Jose Peraza,3,,
11101,Roberto Perez,3,,
11520,Alex Presley,3,,
10500,A. J. Reed,3,,
10697,Matt Reynolds,3,,
10698,T.J. Rivera,3,,
11257,Darin Ruf,3,,
11154,Carlos Ruiz,3,,
11279,Hector Sanchez,3,,
10244,Mallex Smith,3,,
11449,Drew Stubbs,3,,
10241,Dansby Swanson,3,,
10688,Noah Syndergaard,3,,
11260,Andrew Toles,3,,
11266,Tony Wolters,3,,
11267,Cristhian Adames,2,,
11264,Ehire Adrianza,2,,
10307,Jake Arrieta,2,,
11064,Andrew Benintendi,2,,
10412,Stephen Cardullo,2,,
11362,A.J. Ellis,2,,
11325,Ramon Flores,2,,
11236,Adam Frazier,2,,
10473,Anthony Gose,2,,
10203,Phil Gosselin,2,,
10907,Gorkys Hernandez,2,,
10295,Bryan Holaday,2,,
10851,Travis Jankowski,2,,
11364,Jon Jay,2,,
10204,Kyle Jensen,2,,
11221,Tommy La Stella,2,,
11185,Jed Lowrie,2,,
11496,Jeff Mathis,2,,
10529,Whit Merrifield,2,,
11118,Raul Mondesi,2,,
10968,Taylor Motter,2,,
10756,Max Muncy,2,,
10996,Brett Nicholas,2,,
11159,Shawn O'Malley,2,,
11590,Chris Parmelee,2,,
11175,Gregorio Petit,2,,
11352,A.J. Pierzynski,2,,
10637,Manny Pina,2,,
10212,A.J. Pollock,2,,
10235,Anthony Recker,2,,
11055,Ben Revere,2,,
11379,Jimmy Rollins,2,,
10705,Justin Ruggiano,2,,
11140,Danny Santana,2,,
10587,Rob Segedin,2,,
10358,Steve Selsky,2,,
11047,Pedro Severino,2,,
10929,Adam Wainwright,2,,
11106,Abraham Almonte,1,,
10388,Tyler Anderson,1,,
11407,Mike Aviles,1,,
11320,Gregor Blanco,1,,
10304,Bryce Brentz,1,,
11670,Nick Buss,1,,
10884,Matt Cain,1,,
11313,Eric Campbell,1,,
10806,Francisco Cervelli,1,,
11434,Steve Clevenger,1,,
10443,Jason Coats,1,,
10792,Gerrit Cole,1,,
11310,Bartolo Colon,1,,
11117,Christian Colon,1,,
11172,Kaleb Cowart,1,,
10621,Tyler Cravy,1,,
10583,Charlie Culberson,1,,
10236,Chase d'Arnaud,1,,
10978,Yu Darvish,1,,
11451,Ivan De Jesus,1,,
11446,Matt den Dekker,1,,
11190,Wilmer Difo,1,,
11121,Jarrod Dyson,1,,
10589,Andre Ethier,1,,
10998,Joey Gallo,1,,
11157,Ben Gamel,1,,
11128,Leury Garcia,1,,
10406,Dustin Garneau,1,,
11202,Dee Gordon,1,,
11628,Grant Green,1,,
11070,Ryan Hanigan,1,,
11158,Guillermo Heredia,1,,
10298,Marco Hernandez,1,,
10199,Oscar Hernandez,1,,
10614,Destin Hood,1,,
11343,Cedric Hunter,1,,
11198,Ty Kelly,1,,
10504,Tony Kemp,1,,
11676,Patrick Kivlehan,1,,
11442,Erik Kratz,1,,
11619,Junior Lake,1,,
11463,Mat Latos,1,,
11012,Francisco Liriano,1,,
10342,Michael Lorenzen,1,,
10575,Kenta Maeda,1,,
11155,Ketel Marte,1,,
11104,Michael Martinez,1,,
11113,Victor Martinez,1,,
10751,Bruce Maxwell,1,,
11134,John Ryan Murphy,1,,
11126,Omar Narvaez,1,,
11375,Daniel Nava,1,,
10704,Brandon Nimmo,1,,
11178,Rafael Ortega,1,,
11290,Ben Paulsen,1,,
10264,Francisco Pena,1,,
11596,Ramiro Pena,1,,
10632,Wily Peralta,1,,
11184,Josh Phegley,1,,
10758,Chad Pinder,1,,
10693,Kevin Plawecki,1,,
10287,Drew Pomeranz,1,,
10430,Anthony Ranaudo,1,,
10196,Robbie Ray,1,,
11539,Shane Robinson,1,,
11203,Miguel Rojas,1,,
11111,Andrew Romine,1,,
11471,Jerry Sands,1,,
11675,Xavier Scruggs,1,,
10969,Richie Shaffer,1,,
11695,Donovan Solano,1,,
10846,Cory Spangenberg,1,,
10809,Chris Stewart,1,,
10870,Jesus Sucre,1,,
10638,Andrew Susac,1,,
11205,Ichiro Suzuki,1,,
10588,Chris Taylor,1,,
11201,Tomas Telis,1,,
11019,Josh Thole,1,,
11090,Ronald Torreyes,1,,
11268,Pat Valaika,1,,
10593,Scott Van Slyke,1,,
10296,Christian Vazquez,1,,
10761,Joey Wendle,1,,
11639,Andy Wilkins,1,,
10277,Fernando Abad,0,,
11487,A.J. Achter,0,,
10732,Dustin Ackley,0,,
10334,Tim Adleman,0,,
10381,Jesus Aguilar,0,,
11667,Andrew Albers,0,,
11426,Matt Albers,0,,
11142,Hanser Alberto,0,,
11598,Al Alburquerque,0,,
11249,Arismendy Alcantara,0,,
10736,Raul Alcantara,0,,
10508,Scott Alexander,0,,
10784,Jorge Alfaro,0,,
10359,Cody Allen,0,,
10271,Dariel Alvarez,0,,
10974,Dario Alvarez,0,,
10841,Alexi Amarista,0,,
11672,Brett Anderson,0,,
10618,Chase Anderson,0,,
10360,Cody Anderson,0,,
11671,Robert Andino,0,,
10943,Matt Andriese,0,,
11568,Dustin Antolin,0,,
10245,Jayson Aquino,0,,
10764,Elvis Araujo,0,,
10944,Chris Archer,0,,
10361,Shawn Armstrong,0,,
10854,Jonathan Aro,0,,
10765,Alec Asher,0,,
10842,Carlos Asuaje,0,,
10563,Luis Avilan,0,,
10737,John Axford,0,,
10564,Pedro Baez,0,,
10536,Andrew Bailey,0,,
10335,Homer Bailey,0,,
10706,Johnny Barbato,0,,
11255,Austin Barnes,0,,
11288,Brandon Barnes,0,,
11004,Danny Barnes,0,,
10619,Jacob Barnes,0,,
10278,Matt Barnes,0,,
10975,Tony Barnette,0,,
10594,Kyle Barraclough,0,,
10181,Jake Barrett,0,,
10738,Chris Bassitt,0,,
10363,Trevor Bauer,0,,
10417,Chris Beck,0,,
10537,Cam Bedrosian,0,,
11465,Matt Belisle,0,,
11433,Joaquin Benoit,0,,
11690,James Beresford,0,,
11420,Christian Bergman,0,,
10648,Jose Berrios,0,,
11082,Dellin Betances,0,,
10389,Chad Bettis,0,,
11005,Joe Biagini,0,,
10880,Ty Blach,0,,
10214,Aaron Blair,0,,
11453,Joe Blanton,0,,
10620,Michael Blazek,0,,
10708,Richard Bleier,0,,
11312,Jerry Blevins,0,,
11006,Mike Bolsinger,0,,
11611,Emilio Bonifacio,0,,
11649,Julio Borbon,0,,
11570,Wilfredo Boscan,0,,
10649,Buddy Boshers,0,,
10912,Matt Bowman,0,,
10945,Brad Boxberger,0,,
10446,Matt Boyd,0,,
11322,Blaine Boyer,0,,
10246,Brad Brach,0,,
11291,Silvino Bracho,0,,
10182,Archie Bradley,0,,
11682,Jed Bradley,0,,
10384,Michael Brantley,0,,
10791,Steven Brault,0,,
11410,Craig Breslow,0,,
10595,Austin Brice,0,,
10247,Parker Bridwell,0,,
11540,Reid Brignac,0,,
10248,Zach Britton,0,,
11517,Mike Broadway,0,,
10913,Jonathan Broxton,0,,
10309,Jake Buchanan,0,,
10279,Clay Buchholz,0,,
10820,Ryan Buchter,0,,
10183,Enrique Burgos,0,,
11683,Sean Burnett,0,,
11020,Andy Burns,0,,
11120,Billy Burns,0,,
11344,Emmanuel Burriss,0,,
11491,Matt Buschmann,0,,
10976,Matt Bush,0,,
10390,Eddie Butler,0,,
10215,Mauricio Cabrera,0,,
11423,Trevor Cahill,0,,
10855,Arquimedes Caminero,0,,
10821,Leonel Campos,0,,
11219,Jeimer Candelario,0,,
11321,Chris Capuano,0,,
10391,Matt Carasiti,0,,
10364,Carlos Carrasco,0,,
11551,Scott Carroll,0,,
11456,Andrew Cashner,0,,
11417,Santiago Casilla,0,,
11483,Rusney Castillo,0,,
11507,Daniel Castro,0,,
10392,Miguel Castro,0,,
10694,Gavin Cecchini,0,,
11368,Brett Cecil,0,,
11026,Darrell Ceciliani,0,,
10946,Xavier Cedeno,0,,
10596,Hunter Cervenka,0,,
10709,Luis Cessa,0,,
11495,Jhoulys Chacin,0,,
10184,Andrew Chafin,0,,
11403,Joba Chamberlain,0,,
11559,Aroldis Chapman,0,,
10477,Kevin Chapman,0,,
10393,Tyler Chatwood,0,,
11367,Jesse Chavez,0,,
10597,Wei-Yin Chen,0,,
10336,Tony Cingrani,0,,
10856,Steve Cishek,0,,
10977,Alex Claudio,0,,
10823,Paul Clemens,0,,
10365,Mike Clevinger,0,,
10710,Tyler Clippard,0,,
10947,Alex Cobb,0,,
11558,Phil Coke,0,,
11021,Chris Colabello,0,,
11030,A.J. Cole,0,,
10565,Louis Coleman,0,,
10216,Josh Collmenter,0,,
10948,Alex Colome,0,,
10366,Joseph Colon,0,,
10310,Gerardo Concepcion,0,,
10598,Adam Conley,0,,
10185,Patrick Corbin,0,,
10824,Jarred Cosart,0,,
11452,Caleb Cotham,0,,
11399,Collin Cowgill,0,,
11361,Carl Crawford,0,,
10367,Kyle Crockett,0,,
11116,Tony Cruz,0,,
11262,Johnny Cueto,0,,
11522,William Cuevas,0,,
11663,Brandon Cunniff,0,,
11595,Todd Cunningham,0,,
10186,Zac Curtis,0,,
10419,Tyler Danish,0,,
11470,John Danks,0,,
10439,Matt Davidson,0,,
10622,Zach Davies,0,,
11601,Ike Davis,0,,
10511,Wade Davis,0,,
10566,Grant Dayton,0,,
11561,Pat Dean,0,,
11603,Jaff Decker,0,,
10676,Jacob deGrom,0,,
11555,Steve Delabar,0,,
11627,Joel De La Cruz,0,,
11283,Jorge De La Rosa,0,,
10187,Rubby De La Rosa,0,,
10567,Jose De Leon,0,,
10188,Randall Delgado,0,,
11007,Matt Dermody,0,,
10338,Anthony DeSclafani,0,,
10599,Odrisamer Despaigne,0,,
11402,Ross Detwiler,0,,
10478,Chris Devenski,0,,
11597,Scott Diamond,0,,
11573,Dayan Diaz,0,,
10857,Edwin Diaz,0,,
10807,Elias Diaz,0,,
10339,Jumbo Diaz,0,,
11213,R.A. Dickey,0,,
10979,Jake Diekman,0,,
11630,Jose Dominguez,0,,
11529,Matt Dominguez,0,,
10739,Sean Doolittle,0,,
10526,Hunter Dozier,0,,
11468,Kyle Drabek,0,,
10249,Oliver Drake,0,,
11586,Brian Duensing,0,,
10650,Tyler Duffey,0,,
10512,Danny Duffy,0,,
11443,Matt Duffy,0,,
10915,Zach Duke,0,,
10740,Ryan Dull,0,,
11584,Mike Dunn,0,,
10980,Sam Dyson,0,,
10677,Josh Edgin,0,,
10311,Carl Edwards Jr.,0,,
10768,Zach Eflin,0,,
10538,Cody Ege,0,,
10769,Jerad Eickhoff,0,,
10280,Roenis Elias,0,,
10600,Brian Ellington,0,,
11625,Jake Elmore,0,,
10711,Nathan Eovaldi,0,,
10826,Robbie Erlin,0,,
10601,Jake Esch,0,,
10189,Edwin Escobar,0,,
10395,Carlos Estevez,0,,
11008,Marco Estrada,0,,
11305,Dana Eveland,0,,
10678,Jeurys Familia,0,,
10447,Buck Farmer,0,,
10949,Danny Farquhar,0,,
10981,Andrew Faulkner,0,,
11651,Taylor Featherston,0,,
11533,Tim Federowicz,0,,
11479,Scott Feldman,0,,
10479,Michael Feliz,0,,
11298,Neftali Feliz,0,,
11440,Jose Fernandez,0,,
10568,Josh Fields,0,,
11331,Casey Fien,0,,
10480,Mike Fiers,0,,
11477,Cole Figueroa,0,,
11245,Brandon Finnegan,0,,
11484,Doug Fister,0,,
11621,Yohan Flande,0,,
11563,Kendry Flores,0,,
11688,Pedro Florimon,0,,
10950,Dylan Floro,0,,
11430,Gavin Floyd,0,,
10513,Brian Flynn,0,,
10217,Mike Foltynewicz,0,,
10873,Mike Freeman,0,,
11480,Sam Freeman,0,,
10569,Carlos Frias,0,,
10827,Christian Friedrich,0,,
10808,Eric Fryer,0,,
11318,Reymond Fuentes,0,,
10420,Carson Fulmer,0,,
10448,Michael Fulmer,0,,
10250,Yovani Gallardo,0,,
10951,Eddie Gamboa,0,,
10218,John Gant,0,,
10916,Jaime Garcia,0,,
10770,Luis Garcia,0,,
10570,Yimi Garcia,0,,
10368,Perci Garner,0,,
10623,Matt Garza,0,,
10252,Kevin Gausman,0,,
10886,Cory Gearrin,0,,
11489,Dillon Gee,0,,
11095,Steve Geltz,0,,
11374,Craig Gentry,0,,
11524,Gonzalez Germen,0,,
10651,Kyle Gibson,0,,
10481,Ken Giles,0,,
11538,Cole Gillespie,0,,
10679,Sean Gilmartin,0,,
11031,Lucas Giolito,0,,
11009,Chad Girodo,0,,
10253,Mychal Givens,0,,
10793,Tyler Glasnow,0,,
11032,Koda Glover,0,,
10190,Zack Godley,0,,
10680,Erik Goeddel,0,,
10771,Jeanmar Gomez,0,,
10982,Chi Chi Gonzalez,0,,
10382,Erik Gonzalez,0,,
11033,Gio Gonzalez,0,,
10421,Miguel Gonzalez,0,,
10772,Severino Gonzalez,0,,
11052,Brian Goodwin,0,,
10534,Terrance Gore,0,,
11583,Tom Gorzelanny,0,,
11034,Trevor Gott,0,,
11035,Matt Grace,0,,
11545,J.R. Graham,0,,
10554,Juan Graterol,0,,
10741,Kendall Graveman,0,,
10396,Jon Gray,0,,
10449,Shane Greene,0,,
10482,Luke Gregerson,0,,
10191,Zack Greinke,0,,
10983,A.J. Griffin,0,,
11010,Jason Grilli,0,,
10312,Justin Grimm,0,,
10681,Robert Gsellman,0,,
11532,Mayckol Guaipe,0,,
10539,Deolis Guerra,0,,
11552,Javy Guerra,0,,
10624,Junior Guerra,0,,
11419,Jason Gurka,0,,
10483,Jandel Gustave,0,,
10742,Jesse Hahn,0,,
11512,David Hale,0,,
11588,Cody Hall,0,,
10984,Cole Hamels,0,,
11481,Jason Hammel,0,,
10828,Brad Hand,0,,
11237,Alen Hanson,0,,
11011,J.A. Happ,0,,
10450,Blaine Hardy,0,,
11629,Lucas Harrell,0,,
10484,Will Harris,0,,
10682,Matt Harvey,0,,
10571,Chris Hatcher,0,,
10192,Steve Hathaway,0,,
11521,Drew Hayes,0,,
10540,Andrew Heaney,0,,
10839,Austin Hedges,0,,
10712,Ben Heller,0,,
10774,Jeremy Hellickson,0,,
10281,Heath Hembree,0,,
11404,Jim Henderson,0,,
10313,Kyle Hendricks,0,,
10743,Liam Hendriks,0,,
11475,David Hernandez,0,,
10858,Felix Hernandez,0,,
11664,Roberto Hernandez,0,,
11114,Kelvin Herrera,0,,
11674,Frank Herrmann,0,,
10829,Keith Hessler,0,,
10888,Chris Heston,0,,
10466,John Hicks,0,,
11383,Rich Hill,0,,
11450,Dalier Hinojosa,0,,
11317,Luke Hochevar,0,,
10397,Jeff Hoffman,0,,
10713,Jonathan Holder,0,,
11469,Derek Holland,0,,
11346,Tyler Holt,0,,
11347,J.J. Hoover,0,,
11637,TJ House,0,,
11454,J.P. Howell,0,,
11001,Jared Hoying,0,,
10485,James Hoyt,0,,
11421,Daniel HUdson,0,,
11593,David Huff,0,,
10794,Jared Hughes,0,,
10652,Phil Hughes,0,,
11536,Tommy Hunter,0,,
10219,Jason Hursh,0,,
10795,Drew Hutchison,0,,
10341,Raisel Iglesias,0,,
11314,Omar Infante,0,,
11684,Hernan Iribarren,0,,
10859,Hisashi Iwakuma,0,,
11381,Austin Jackson,0,,
11408,Edwin Jackson,0,,
10985,Luke Jackson,0,,
11554,Paul Janish,0,,
10986,Jeremy Jeffress,0,,
10220,Tyrell Jenkins,0,,
10422,Dan Jennings,0,,
11330,Kevin Jepsen,0,,
10254,Ubaldo Jimenez,0,,
10830,Erik Johnson,0,,
10221,Jim Johnson,0,,
10585,Micah Johnson,0,,
11543,Steve JOhnson,0,,
10470,JaCoby Jones,0,,
10423,Nate Jones,0,,
10263,Caleb Joseph,0,,
10626,Taylor Jungmann,0,,
10424,Tommy Kahnle,0,,
11542,Ryan Kalish,0,,
10860,Nathan Karns,0,,
11220,Munenori Kawasaki,0,,
10572,Scott Kazmir,0,,
10987,Keone Kela,0,,
11036,Shawn Kelley,0,,
10931,Carson Kelly,0,,
11523,Casey Kelly,0,,
11638,Don Kelly,0,,
10284,Joe Kelly,0,,
10514,Ian Kennedy,0,,
11437,Logan Kensing,0,,
10573,Clayton Kershaw,0,,
10486,Dallas Keuchel,0,,
11046,Spencer Kieboom,0,,
11150,Dean Kiekhefer,0,,
10285,Craig Kimbrel,0,,
10653,Brandon Kintzler,0,,
11530,Michael Kirkman,0,,
10775,Phil Klein,0,,
10369,Corey Kluber,0,,
10627,Corey Knebel,0,,
10193,Matt Koch,0,,
10603,Tom Koehler,0,,
10889,George Kontos,0,,
10222,Ian Krol,0,,
10797,Chad Kuhl,0,,
10315,John Lackey,0,,
11527,Tyler Ladendorf,0,,
11691,Blake Lalli,0,,
11610,Ryan LaMarre,0,,
11464,Andrew Lambo,0,,
10890,Derek Law,0,,
10714,Tommy Layne,0,,
10798,Wade LeBlanc,0,,
10988,Jose Leclerc,0,,
11431,Arnold Leon,0,,
10316,Jon Lester,0,,
11435,Colby Lewis,0,,
10574,Adam Liberatore,0,,
10655,Pat Light,0,,
11605,Tim Lincecum,0,,
11406,Kyle Lobstein,0,,
10799,Jeff Locke,0,,
11655,Adam Loewen,0,,
11286,Boone Logan,0,,
11643,Kyle Lohse,0,,
11432,Javier Lopez,0,,
11678,Raffy Lopez,0,,
11037,Reynaldo Lopez,0,,
11515,David Lough,0,,
10452,Mark Lowe,0,,
11445,Cory Luebke,0,,
10683,Seth Lugo,0,,
10398,Jordan Lyles,0,,
10919,Tyler Lyons,0,,
10472,Dixon Machado,0,,
10744,Ryan Madson,0,,
11694,Matt Magill,0,,
10629,Damien Magnifico,0,,
10541,Greg Mahle,0,,
10745,Sean Manaea,0,,
10920,Seth Maness,0,,
10370,Jeff Manship,0,,
11087,Joe Mantiply,0,,
11282,Manuel Margot,0,,
10630,Jhan Marinez,0,,
10776,Michael Mariot,0,,
11689,Justin Marks,0,,
11525,Matt Marksberry,0,,
10399,German Marquez,0,,
10299,Deven Marrero,0,,
10194,Evan Marshall,0,,
10861,Cody Martin,0,,
11038,Rafael Martin,0,,
10921,Carlos Martinez,0,,
10940,Jose Martinez,0,,
10989,Nick Martinez,0,,
11556,Darin Mastroianni,0,,
11526,Brian Matusz,0,,
10684,Steven Matz,0,,
10831,Brandon Maurer,0,,
10656,Trevor May,0,,
10922,Mike Mayers,0,,
11541,Vin Mazzaro,0,,
10371,Zach McAllister,0,,
11564,Matt McBride,0,,
10576,Brandon McCarthy,0,,
10515,Kevin McCarthy,0,,
10487,Lance McCullers Jr,0,,
10256,T.J. McFarland,0,,
10400,Jake McGee,0,,
11606,Casey McGehee,0,,
11409,Dustin McGowan,0,,
10488,Collin McHugh,0,,
11640,Michael McKenry,0,,
11497,Kris Medlen,0,,
10657,Adalberto Mejia,0,,
11296,Mark Melancon,0,,
11488,Tim Melville,0,,
10990,Yohander Mendez,0,,
10746,Daniel Mengden,0,,
10372,Ryan Merritt,0,,
10350,Devin Mesoraco,0,,
10542,Alex Meyer,0,,
11634,Will Middlebrooks,0,,
10257,Wade Miley,0,,
10373,Andrew Miller,0,,
11289,Justin Miller,0,,
11622,Mike Miller,0,,
10195,Shelby Miller,0,,
10516,Alec Mills,0,,
11485,Tommy Milone,0,,
10425,Juan Minaya,0,,
10862,Ariel Miranda,0,,
10715,Bryan Mitchell,0,,
11633,Dustin Molleken,0,,
11062,Yoan Moncada,0,,
10685,Rafael Montero,0,,
10317,Mike Montgomery,0,,
11686,Adam Moore,0,,
10891,Matt Moore,0,,
11415,Franklin Morales,0,,
10499,Colin Moran,0,,
10777,Adam Morgan,0,,
10374,Shawn Morimando,0,,
10543,Mike Morin,0,,
11238,Max Moroff,0,,
11576,A.J. Morris,0,,
11412,Bryan Morris,0,,
11669,Brandon Morrow,0,,
11295,Michael Morse,0,,
11459,Charlie Morton,0,,
11513,Jon Moscot,0,,
10401,Jason Motte,0,,
11566,Peter Moylan,0,,
11216,Conor Mullee,0,,
11537,Colton Murray,0,,
10489,Joe Musgrove,0,,
11439,Chris Narveson,0,,
11650,Joe Nathan,0,,
10747,Zach Neal,0,,
10631,Jimmy Nelson,0,,
10778,Hector Neris,0,,
11206,Pat Neshek,0,,
10800,Juan Nicasio,0,,
10604,Justin Nicolino,0,,
11405,Jonathon Niese,0,,
10779,Aaron Nola,0,,
10544,Ricky Nolasco,0,,
11666,Nick Noonan,0,,
11448,Bud Norris,0,,
10454,Daniel Norris,0,,
11444,Ivan Nova,0,,
10757,Renato Nunez,0,,
11254,Vidal Nuno,0,,
10402,Scott Oberg,0,,
11460,Brett Oberholtzer,0,,
10258,Darren O'Day,0,,
10953,Jake Odorizzi,0,,
11356,Eric O'Flaherty,0,,
11447,Alexi Ogando,0,,
10605,Nefi Ogando,0,,
11226,Seung Hwan Oh,0,,
11345,Ross Ohlendorf,0,,
10892,Steven Okert,0,,
11357,Hector Olivera,0,,
10763,Matt Olson,0,,
11508,Tyler Olson,0,,
11653,Logan Ondrusek,0,,
10659,Ryan O'Rourke,0,,
10893,Josh Osich,0,,
11553,Sean O'Sullivan,0,,
11013,Roberto Osuna,0,,
10375,Dan Otero,0,,
10748,Dillon Overton,0,,
10286,Henry Owens,0,,
11462,Jordan Pacheco,0,,
11349,Jonathan Papelbon,0,,
11587,Bobby Parnell,0,,
11607,Curtis Partch,0,,
10415,Jordan Patterson,0,,
10318,Spencer Patton,0,,
10490,David Paulino,0,,
10863,James Paxton,0,,
10716,James Pazos,0,,
10491,Brad Peacock,0,,
11467,Jake Peavy,0,,
10455,Mike Pelfrey,0,,
11324,Ariel Pena,0,,
11228,Brayan Pena,0,,
10319,Felix Pena,0,,
11416,Joel Peralta,0,,
10343,Wandy Peralta,0,,
10832,Luis Perdomo,0,,
10991,Martin Perez,0,,
11039,Oliver Perez,0,,
10224,Williams Perez,0,,
11204,Yefri Perez,0,,
10660,Glen Perkins,0,,
11466,Yusmeiro Petit,0,,
10426,Jake Petricka,0,,
10606,David Phelps,0,,
11692,Zach Phillips,0,,
11518,Branden Pinder,0,,
10717,Michael Pineda,0,,
11698,Josmil Pinto,0,,
10852,Jose Pirela,0,,
10376,Adam Plutko,0,,
11080,Dalton Pompey,0,,
10288,Rick Porcello,0,,
10518,Brooks Pounders,0,,
10661,Ryan Pressly,0,,
10289,David Price,0,,
10427,Matt Purke,0,,
10428,Zach Putnam,0,,
10833,Kevin Quackenbush,0,,
10403,Chad Qualls,0,,
11696,Juniel Querecuto,0,,
11211,Roman Quinn,0,,
10429,Jose Quintana,0,,
10545,JC Ramirez,0,,
10225,Jose Ramirez,0,,
11490,Neil Ramirez,0,,
10290,Noe Ramirez,0,,
11200,A.J. Ramos,0,,
11528,Cesar Ramos,0,,
10780,Edubray Ramos,0,,
11372,Cory Rasmus,0,,
10577,Josh Ravin,0,,
10834,Colin Rea,0,,
10686,Addison Reed,0,,
10344,Cody Reed,0,,
10646,Michael Reed,0,,
10731,Rob Refsnyder,0,,
10353,Tony Renda,0,,
10923,Alex Reyes,0,,
11626,Jo-Jo Reyes,0,,
11680,Matt Reynolds,0,,
11498,Clayton Richard,0,,
10546,Garrett Richards,0,,
10642,Yadiel Rivera,0,,
10801,Felipe Rivero,0,,
11620,Donn Roach,0,,
11040,Tanner Roark,0,,
11636,Daniel Robertson,0,,
11123,David Robertson,0,,
10492,Brady Rodgers,0,,
11429,Fernando Rodney,0,,
10431,Carlos Rodon,0,,
10291,Eduardo Rodriguez,0,,
11384,Fernando Rodriguez,0,,
10456,Francisco Rodriguez,0,,
10781,Joely Rodriguez,0,,
10227,Chaz Roe,0,,
10816,Jason Rogers,0,,
10662,Taylor Rogers,0,,
10864,David Rollins,0,,
10954,Enny Romero,0,,
10877,Stefen Romero,0,,
11418,Sergio Romo,0,,
10457,Bruce Rondon,0,,
10320,Hector Rondon,0,,
11608,Jorge Rondon,0,,
10844,Jose Rondon,0,,
11642,Alberto Rosario,0,,
10924,Trevor Rosenthal,0,,
11041,Joe Ross,0,,
10835,Tyson Ross,0,,
11059,Robbie Ross Jr.,0,,
11631,Michael Roth,0,,
11685,Ben Rowen,0,,
10240,Rio Ruiz,0,,
10404,Chris Rusin,0,,
11341,James Russell,0,,
11514,Josh Rutledge,0,,
11560,Brendan Ryan,0,,
10458,Kyle Ryan,0,,
10578,Hyun-Jin Ryu,0,,
11428,Marc Rzepczynski,0,,
10719,CC Sabathia,0,,
11373,Fernando Salas,0,,
10377,Danny Salazar,0,,
10432,Chris Sale,0,,
10894,Jeff Samardzija,0,,
10346,Keyvius Sampson,0,,
11014,Aaron Sanchez,0,,
10459,Anibal Sanchez,0,,
11441,Pablo Sandoval,0,,
10664,Ervin Santana,0,,
10665,Hector Santiago,0,,
10460,Warwick Saupold,0,,
10633,Rob Scahill,0,,
11679,Logan Schafer,0,,
10993,Tanner Scheppers,0,,
11042,Max Scherzer,0,,
10802,A.J. Schugel,0,,
11015,Bo Schultz,0,,
11635,Patrick Schuster,0,,
10331,Kyle Schwarber,0,,
10865,Evan Scribner,0,,
10720,Luis Severino,0,,
10433,James Shields,0,,
10197,Braden Shipley,0,,
10547,Matt Shoemaker,0,,
10721,Chasen Shreve,0,,
10925,Kevin Siegrist,0,,
11478,Alfredo Simon,0,,
10493,Tony Sipp,0,,
10548,Tyler Skaggs,0,,
10434,Blake Smith,0,,
10292,Carson Smith,0,,
10749,Chris Smith,0,,
11687,Jake Smith,0,,
11425,Joe Smith,0,,
10436,Kevan Smith,0,,
10895,Will Smith,0,,
10687,Josh Smoker,0,,
10955,Drew Smyly,0,,
10956,Blake Snell,0,,
10926,Miguel Socolovich,0,,
11043,Sammy Solis,0,,
11565,Layne Somsen,0,,
10519,Joakim Soria,0,,
11609,Jacob Stallings,0,,
11161,Max Stassi,0,,
10347,Robert Stephenson,0,,
10579,Brock Stewart,0,,
11369,Drew Storen,0,,
10520,Matt Strahm,0,,
10348,Dan Straily,0,,
11044,Stephen Strasburg,0,,
10896,Chris Stratton,0,,
10549,Huston Street,0,,
10897,Hunter Strickland,0,,
10580,Ross Stripling,0,,
11017,Marcus Stroman,0,,
10322,Pedro Strop,0,,
11461,Daniel Stumpf,0,,
11575,Tyler Sturdevant,0,,
10898,Albert Suarez,0,,
11482,Eric Surkamp,0,,
10634,Brent Suter,0,,
11594,Anthony Swarzak,0,,
11067,Blake Swihart,0,,
10803,Jameson Taillon,0,,
10722,Masahiro Tanaka,0,,
10416,Raimel Tapia,0,,
11401,Junichi Tazawa,0,,
10228,Julio Teheran,0,,
11516,Ruben Tejada,0,,
11018,Ryan Tepera,0,,
11618,Nick Tepesch,0,,
10782,Jake Thompson,0,,
11242,Tyler Thornburg,0,,
11581,Matt Thornton,0,,
10259,Chris Tillman,0,,
11132,Charles Tilson,0,,
11338,Shawn Tolleson,0,,
11170,Ashur Tolliver,0,,
10378,Josh Tomlin,0,,
10906,Kelby Tomlinson,0,,
10666,Michael Tonkin,0,,
10635,Carlos Torres,0,,
10836,Jose Torres,0,,
11045,Blake Treinen,0,,
10750,Andrew Triggs,0,,
10550,Nick Tropeano,0,,
11571,Chin-hui Tsao,0,,
11544,Matt Tuiasosopo,0,,
10927,Sam Tuivailala,0,,
11646,Jacob Turner,0,,
11400,Koji Uehara,0,,
10607,Jose Urena,0,,
10581,Julio Urias,0,,
10551,Jose Valdez,0,,
10837,Cesar Vargas,0,,
10521,Jason Vargas,0,,
10783,Vince Velasquez,0,,
11602,Will Venable,0,,
11152,Pat Venditte,0,,
10522,Yordano Ventura,0,,
10461,Drew VerHagen,0,,
10462,Justin Verlander,0,,
10689,Logan Verrett,0,,
11455,Carlos Villanueva,0,,
10866,Nick Vincent,0,,
10229,Arodys Vizcaino,0,,
10875,Daniel Vogelbach,0,,
11476,Ryan Vogelsong,0,,
11316,Edinson Volquez,0,,
10928,Michael Wacha,0,,
10198,Tyler Wagner,0,,
11589,Kyle Waldrop,0,,
10673,Adam Walker,0,,
10867,Taijuan Walker,0,,
11326,Colin Walsh,0,,
11645,Zach Walters,0,,
11486,Chien-Ming Wang,0,,
10723,Adam Warren,0,,
10804,Tony Watson,0,,
11506,Jered Weaver,0,,
10930,Luke Weaver,0,,
11534,Daniel Webb,0,,
11301,Ryan Webb,0,,
11153,Ryan Weber,0,,
11519,Jemile Weeks,0,,
11557,J.B. Wendelken,0,,
10230,Rob Whalen,0,,
10957,Chase Whitley,0,,
11668,Joe Wieland,0,,
10868,Tom Wilhelmsen,0,,
11654,Jerome Williams,0,,
10735,Mason Williams,0,,
10805,Trevor Williams,0,,
10463,Alex Wilson,0,,
10464,Justin Wilson,0,,
10260,Tyler Wilson,0,,
11677,Alex Wimmers,0,,
10231,Daniel Winkler,0,,
10232,Matt Wisler,0,,
10233,Chris Withrow,0,,
10608,Nick Wittgren,0,,
10582,Alex Wood,0,,
10349,Blake Wood,0,,
11371,Travis Wood,0,,
10261,Vance Worley,0,,
11599,Danny Worth,0,,
10552,Daniel Wright,0,,
10262,Mike Wright,0,,
10294,Steven Wright,0,,
10691,Gabriel Ynoa,0,,
10435,Michael Ynoa,0,,
11662,Rafael Ynoa,0,,
11115,Chris Young,0,,
11665,Madison Younginer,0,,
11681,Eric Young Jr.,0,,
10323,Rob Zastryzny,0,,
11436,Brad Ziegler,0,,
10465,Jordan Zimmermann,0,,
10869,Tony Zych,0,,
11099,Austin Adams,,,
11149,Dan Altavilla,,,
11166,Jose Alvarez,,,
11231,Antonio Bastardo,,,
11278,Buddy Baumann,,,
11261,Madison Baumgarner,,,
11068,Dylan Bundy,,,
11167,Vicente Campos,,,
11133,J.T. Chargois,,,
11179,Jharel Cotton,,,
11180,Daniel Coulombe,,,
11168,Abel De Los Santos,,,
11094,Ryan Garton,,,
11241,David Goforth,,,
11084,Nick Goody,,,
11181,Sonny Gray,,,
11085,Chad Green,,,
11199,Tayron Guerrero,,,
11069,Donnie Hart,,,
11253,Kenley Jansen,,,
11096,John Lamb,,,
11225,Mike Leake,,,
11271,Dominic Leone,,,
11072,Aaron Loup,,,
11265,Adam Ottavino,,,
11169,Blake Parker,,,
11097,Erasmo Ramirez,,,
11192,Hansel Robles,,,
11141,Adrian Sampson,,,
11060,Robby Scott,,,
11100,Bryan Shaw,,,
11214,Shae Simmons,,,
11183,Josh Smith,,,
11171,Kirby Yates,,,